pos	ref	alt	PUM2_K562_IDR
0	N	A	0.00e+00
0	N	C	0.00e+00
0	N	G	0.00e+00
0	N	T	0.00e+00
1	N	A	0.00e+00
1	N	C	0.00e+00
1	N	G	0.00e+00
1	N	T	0.00e+00
2	N	A	2.86e-06
2	N	C	1.85e-05
2	N	G	2.48e-05
2	N	T	4.83e-06
3	N	A	3.10e-06
3	N	C	8.27e-05
3	N	G	1.86e-04
3	N	T	1.12e-05
4	N	A	5.12e-05
4	N	C	1.99e-05
4	N	G	2.59e-04
4	N	T	1.61e-04
5	N	A	1.05e-04
5	N	C	1.47e-05
5	N	G	4.61e-04
5	N	T	1.11e-04
6	N	A	5.01e-05
6	N	C	3.87e-05
6	N	G	7.06e-04
6	N	T	1.70e-04
7	N	A	5.13e-06
7	N	C	7.45e-05
7	N	G	5.96e-04
7	N	T	2.75e-04
8	N	A	1.41e-04
8	N	C	4.45e-04
8	N	G	9.65e-04
8	N	T	5.01e-04
9	N	A	8.54e-05
9	N	C	9.57e-04
9	N	G	2.13e-03
9	N	T	5.86e-04
10	N	A	3.56e-04
10	N	C	1.95e-03
10	N	G	2.81e-03
10	N	T	7.31e-04
11	N	A	3.62e-04
11	N	C	4.75e-03
11	N	G	3.97e-03
11	N	T	5.74e-04
12	N	A	7.27e-04
12	N	C	4.79e-03
12	N	G	5.48e-03
12	N	T	5.84e-04
13	N	A	4.85e-03
13	N	C	2.52e-03
13	N	G	2.62e-03
13	N	T	3.27e-03
14	N	A	2.57e-03
14	N	C	9.36e-03
14	N	G	1.09e-02
14	N	T	9.08e-04
15	N	A	1.33e-03
15	N	C	1.94e-02
15	N	G	2.14e-02
15	N	T	1.16e-02
16	N	A	1.11e-02
16	N	C	7.26e-03
16	N	G	2.89e-02
16	N	T	1.26e-02
17	N	A	2.15e-03
17	N	C	2.89e-02
17	N	G	1.37e-03
17	N	T	4.95e-03
18	N	A	2.31e-02
18	N	C	2.89e-02
18	N	G	2.89e-02
18	N	T	3.86e-03
19	N	A	3.15e-02
19	N	C	2.89e-02
19	N	G	1.19e-02
19	N	T	2.30e-02
20	N	A	4.26e-02
20	N	C	3.99e-03
20	N	G	2.89e-02
20	N	T	2.89e-02
21	T	A	8.80e-01
21	T	C	8.60e-01
21	T	G	8.73e-01
22	G	A	8.82e-01
22	G	C	8.82e-01
22	G	T	8.82e-01
23	T	A	8.81e-01
23	T	C	8.79e-01
23	T	G	8.80e-01
24	A	C	8.75e-01
24	A	G	7.41e-01
24	A	T	8.77e-01
25	A	C	2.89e-02
25	A	G	5.08e-01
25	A	T	1.49e-02
26	A	C	8.62e-01
26	A	G	8.39e-01
26	A	T	7.88e-01
27	T	A	8.33e-01
27	T	C	8.46e-01
27	T	G	8.33e-01
28	A	C	8.46e-01
28	A	G	5.28e-01
28	A	T	4.22e-01
29	N	A	4.69e-02
29	N	C	2.89e-02
29	N	G	2.89e-02
29	N	T	9.62e-02
30	N	A	2.74e-03
30	N	C	1.02e-01
30	N	G	1.09e-01
30	N	T	2.89e-02
31	N	A	4.02e-03
31	N	C	3.57e-03
31	N	G	9.91e-02
31	N	T	1.91e-02
32	N	A	4.64e-03
32	N	C	3.44e-04
32	N	G	1.08e-02
32	N	T	6.46e-03
33	N	A	6.38e-03
33	N	C	3.44e-03
33	N	G	2.10e-02
33	N	T	1.90e-02
34	N	A	1.06e-02
34	N	C	1.28e-02
34	N	G	7.86e-03
34	N	T	6.04e-04
35	N	A	3.34e-03
35	N	C	1.24e-02
35	N	G	1.23e-04
35	N	T	1.43e-02
36	N	A	2.37e-03
36	N	C	7.20e-03
36	N	G	6.53e-03
36	N	T	1.76e-03
37	N	A	2.43e-03
37	N	C	8.51e-03
37	N	G	6.30e-03
37	N	T	1.30e-03
38	N	A	2.34e-03
38	N	C	8.22e-03
38	N	G	6.02e-03
38	N	T	1.97e-03
39	N	A	1.15e-03
39	N	C	6.81e-03
39	N	G	5.48e-03
39	N	T	1.51e-03
40	N	A	8.42e-04
40	N	C	5.25e-03
40	N	G	7.03e-03
40	N	T	1.32e-03
41	N	A	1.00e-03
41	N	C	7.75e-03
41	N	G	5.98e-03
41	N	T	5.76e-04
42	N	A	4.52e-04
42	N	C	7.96e-03
42	N	G	4.48e-03
42	N	T	3.89e-04
43	N	A	3.29e-04
43	N	C	4.66e-03
43	N	G	3.80e-03
43	N	T	9.42e-06
44	N	A	2.55e-04
44	N	C	1.49e-03
44	N	G	1.24e-03
44	N	T	2.77e-04
45	N	A	2.29e-04
45	N	C	1.60e-03
45	N	G	1.21e-03
45	N	T	4.74e-04
46	N	A	3.62e-05
46	N	C	1.92e-03
46	N	G	8.12e-04
46	N	T	7.54e-04
47	N	A	6.22e-05
47	N	C	2.01e-04
47	N	G	7.48e-04
47	N	T	2.45e-04
48	N	A	2.31e-05
48	N	C	1.95e-03
48	N	G	1.42e-03
48	N	T	3.90e-04
49	N	A	9.06e-06
49	N	C	1.42e-03
49	N	G	1.38e-03
49	N	T	2.35e-04
